{
    "total_runtime": 6614.859347581863,
    "num_documents": 1,
    "update_documents": 0,
    "input_load_time": 0,
    "workflows": {
        "load_input_documents": {
            "overall": 0.06300950050354004
        },
        "create_base_text_units": {
            "overall": 0.3916923999786377
        },
        "create_final_documents": {
            "overall": 0.059876441955566406
        },
        "extract_graph": {
            "overall": 5101.789963722229
        },
        "finalize_graph": {
            "overall": 0.23119115829467773
        },
        "extract_covariates": {
            "overall": 0.00038242340087890625
        },
        "create_communities": {
            "overall": 0.4768409729003906
        },
        "create_final_text_units": {
            "overall": 0.18004798889160156
        },
        "create_community_reports": {
            "overall": 1484.1894354820251
        },
        "generate_text_embeddings": {
            "overall": 27.475265741348267
        }
    }
}