{
    "total_runtime": 1747.8413231372833,
    "num_documents": 1,
    "update_documents": 0,
    "input_load_time": 0,
    "workflows": {
        "load_input_documents": {
            "overall": 0.010558366775512695
        },
        "create_base_text_units": {
            "overall": 0.046138763427734375
        },
        "create_final_documents": {
            "overall": 0.028767108917236328
        },
        "extract_graph": {
            "overall": 658.4728164672852
        },
        "finalize_graph": {
            "overall": 0.04419255256652832
        },
        "extract_covariates": {
            "overall": 0.0004296302795410156
        },
        "create_communities": {
            "overall": 0.10137414932250977
        },
        "create_final_text_units": {
            "overall": 0.06782102584838867
        },
        "create_community_reports": {
            "overall": 1082.9054045677185
        },
        "generate_text_embeddings": {
            "overall": 6.162189245223999
        }
    }
}