{
    "total_runtime": 338.158655166626,
    "num_documents": 1,
    "update_documents": 0,
    "input_load_time": 0,
    "workflows": {
        "load_input_documents": {
            "overall": 0.035837411880493164
        },
        "create_base_text_units": {
            "overall": 0.2008345127105713
        },
        "create_final_documents": {
            "overall": 0.028388261795043945
        },
        "extract_graph": {
            "overall": 136.25873565673828
        },
        "finalize_graph": {
            "overall": 0.06512308120727539
        },
        "extract_covariates": {
            "overall": 0.0
        },
        "create_communities": {
            "overall": 0.1000206470489502
        },
        "create_final_text_units": {
            "overall": 0.06530189514160156
        },
        "create_community_reports": {
            "overall": 173.94759798049927
        },
        "generate_text_embeddings": {
            "overall": 27.449951887130737
        }
    }
}