{
    "total_runtime": 245.6665027141571,
    "num_documents": 1,
    "update_documents": 0,
    "input_load_time": 0,
    "workflows": {
        "load_input_documents": {
            "overall": 0.023683786392211914
        },
        "create_base_text_units": {
            "overall": 0.13836240768432617
        },
        "create_final_documents": {
            "overall": 0.028901338577270508
        },
        "extract_graph": {
            "overall": 9.531114101409912
        },
        "finalize_graph": {
            "overall": 0.06163763999938965
        },
        "extract_covariates": {
            "overall": 0.0
        },
        "create_communities": {
            "overall": 0.10999798774719238
        },
        "create_final_text_units": {
            "overall": 0.058531999588012695
        },
        "create_community_reports": {
            "overall": 212.2898244857788
        },
        "generate_text_embeddings": {
            "overall": 23.42344903945923
        }
    }
}