{
    "total_runtime": 613.8542196750641,
    "num_documents": 1,
    "update_documents": 0,
    "input_load_time": 0,
    "workflows": {
        "load_input_documents": {
            "overall": 0.11050868034362793
        },
        "create_base_text_units": {
            "overall": 0.9447085857391357
        },
        "create_final_documents": {
            "overall": 0.189727783203125
        },
        "extract_graph": {
            "overall": 209.70430302619934
        },
        "finalize_graph": {
            "overall": 0.12657856941223145
        },
        "extract_covariates": {
            "overall": 0.0009677410125732422
        },
        "create_communities": {
            "overall": 0.15558552742004395
        },
        "create_final_text_units": {
            "overall": 0.14583778381347656
        },
        "create_community_reports": {
            "overall": 386.58473944664
        },
        "generate_text_embeddings": {
            "overall": 15.883812189102173
        }
    }
}