{
    "total_runtime": 924.2842452526093,
    "num_documents": 1,
    "update_documents": 0,
    "input_load_time": 0,
    "workflows": {
        "load_input_documents": {
            "overall": 0.020452260971069336
        },
        "create_base_text_units": {
            "overall": 0.1468493938446045
        },
        "create_final_documents": {
            "overall": 0.036841630935668945
        },
        "extract_graph": {
            "overall": 455.8503084182739
        },
        "finalize_graph": {
            "overall": 0.11165022850036621
        },
        "extract_covariates": {
            "overall": 0.0
        },
        "create_communities": {
            "overall": 0.17518353462219238
        },
        "create_final_text_units": {
            "overall": 0.09467220306396484
        },
        "create_community_reports": {
            "overall": 452.3611114025116
        },
        "generate_text_embeddings": {
            "overall": 15.486182451248169
        }
    }
}