{
    "total_runtime": 362.64393496513367,
    "num_documents": 1,
    "update_documents": 0,
    "input_load_time": 0,
    "workflows": {
        "load_input_documents": {
            "overall": 0.04126596450805664
        },
        "create_base_text_units": {
            "overall": 0.13981223106384277
        },
        "create_final_documents": {
            "overall": 0.032425880432128906
        },
        "extract_graph": {
            "overall": 18.597310781478882
        },
        "finalize_graph": {
            "overall": 0.18485188484191895
        },
        "extract_covariates": {
            "overall": 0.0
        },
        "create_communities": {
            "overall": 0.12154698371887207
        },
        "create_final_text_units": {
            "overall": 0.056784868240356445
        },
        "create_community_reports": {
            "overall": 316.2118241786957
        },
        "generate_text_embeddings": {
            "overall": 27.254093408584595
        }
    }
}