{
    "total_runtime": 578.0412154197693,
    "num_documents": 1,
    "update_documents": 0,
    "input_load_time": 0,
    "workflows": {
        "load_input_documents": {
            "overall": 0.02333211898803711
        },
        "create_base_text_units": {
            "overall": 0.2022862434387207
        },
        "create_final_documents": {
            "overall": 0.034326791763305664
        },
        "extract_graph": {
            "overall": 16.41084313392639
        },
        "finalize_graph": {
            "overall": 0.08700990676879883
        },
        "extract_covariates": {
            "overall": 0.0009698867797851562
        },
        "create_communities": {
            "overall": 0.12800908088684082
        },
        "create_final_text_units": {
            "overall": 0.07221817970275879
        },
        "create_community_reports": {
            "overall": 486.0263640880585
        },
        "generate_text_embeddings": {
            "overall": 75.05380868911743
        }
    }
}